0,51.5092869356825,-0.161032537681752,-0.0126585132675029,0.0468445140261905,-1.54731745532158
0.5,51.5092816086089,-0.161030597092339,0.146292922656227,-0.0191405019006729,-3.80510913065944
1,51.5092813506015,-0.161032545411858,0.241449096264608,0.0121668420906409,0.764228422397262
1.5,51.5092830139866,-0.161032570046481,0.512895110226338,-0.013935793365672,0.414348084761893
2,51.5092857959385,-0.16103257110964,0.772712778021767,0.00851711486187818,-0.559678669342726
2.5,51.5092900669739,-0.161032716914461,0.979696425523072,0.00922020443017783,0.520074615642167
3,51.5092951066689,-0.161031948889602,1.23650865355049,0.0112434707103665,0.317025408703662
3.5,51.5093007231165,-0.161031029937158,1.23995354805625,-0.0190047989812492,1.09730939039072
4,51.5093066079446,-0.161030434517422,1.24870717797254,-0.0109431996309506,-3.37398661381479
4.5,51.5093120993727,-0.161029642334223,1.24760834056077,-0.0030455636830134,-0.46948458310947
5,51.5093177266554,-0.161029172894714,1.23061593618622,0.00136642538767726,-0.252687122012877
5.5,51.5093235700784,-0.16102887345645,1.25242362949888,-0.030774987884669,0.651627748119495
6,51.5093290380274,-0.16102854506267,1.23319591087325,0.0347542987111813,-1.79685908943333
6.5,51.5093345906611,-0.161027869915805,1.26281565613943,0.0302734551070808,2.78526715483965
7,51.509340258321,-0.161027443699878,1.27464095395285,-0.0118240906316303,-0.71869956580218
7.5,51.5093460447609,-0.161026985208175,1.26852602168937,0.0150996195037871,1.39530383210361
8,51.5093516412528,-0.161026456734536,1.23687191653928,0.00216385754185908,-2.34391808362656
8.5,51.5093572511502,-0.161026076492685,1.25824076366883,-0.00522974250125149,-2.75960027968187
9,51.5093628665728,-0.161025654406286,1.26295747442139,0.01778945933601,-1.73754819923329
9.5,51.509368550984,-0.161025095141854,1.27964662896745,0.0395324798329993,7.07770170335192
10,51.5093741614291,-0.161024658576422,1.23423674968357,0.0366259634029112,3.34225017755293
10.5,51.5093797789097,-0.161024423386406,1.25572968900275,0.0148957732271873,1.42323922056355
11,51.5093854278024,-0.161024287630806,1.27988019483665,0.0025234717067058,1.5037368443183
11.5,51.5093911533892,-0.161024126833004,1.25582893231365,0.0305576945173693,-0.126283717141657
12,51.5093967479937,-0.161023993581836,1.2601769210261,-0.00836522192319874,-0.158746002652426
12.5,51.5094023949673,-0.161024036763915,1.23105616168969,-0.0219407858854636,0.404612547346136
13,51.509407891493,-0.161024092629478,1.23585263758882,0.000521958257327069,-1.21465385833595
13.5,51.5094135066348,-0.161024107086671,1.23920527546796,0.00719477528777766,-1.90638526927016
14,51.5094190606961,-0.161024068858068,1.25245286342632,0.00942999077030905,-1.50872336532925
14.5,51.509424755725,-0.16102415533922,1.25445965159805,-0.0411062734929751,1.37053566516909
15,51.5094303285667,-0.161024439157236,1.24371707047204,-0.0372850934496426,-3.08511528912634
15.5,51.5094359571194,-0.161024599517924,1.2256960629377,-0.0152817800804996,-5.10973345313533
16,51.509441404429,-0.161024626793291,1.20352840433889,-0.00699661489148062,-2.65386086116508
16.5,51.5094469976184,-0.161024592782818,1.25093387693329,-0.00822467368347239,-0.109245328649961
17,51.5094524844227,-0.161024578791374,1.20359149085553,-0.00322275352405507,-1.70785034624141
17.5,51.5094580662622,-0.161024551414138,1.24796477789559,-0.00250104225874827,-2.45234469154652
18,51.5094636725965,-0.161024432685555,1.24835316492717,0.00470079744569274,-1.73413865002348
18.5,51.5094692983861,-0.161024342872233,1.23316119463563,-0.0118193462673133,-0.800811593210194
19,51.5094748325483,-0.161024232504207,1.24216265606825,0.00228042751627104,-1.49671081673264
19.5,51.5094805164096,-0.16102400693673,1.25844066491845,0.0157040721506088,2.59285543404948
20,51.5094861558827,-0.161023813463451,1.25821365001578,0.0115102770572072,0.989034198158438
20.5,51.5094917338043,-0.161023672303219,1.23168781036427,0.00330889841086066,-0.409978612063036
21,51.5094973207293,-0.161023467289498,1.23680504912303,0.0188740896891302,-1.36365155649608
21.5,51.5095028028463,-0.161023188764438,1.21906058405337,0.00535468885213454,3.95340146172911
22,51.5095083628381,-0.16102320465274,1.25047125308954,-0.0307135723721459,-1.43033163654229
22.5,51.5095139899161,-0.161023345091944,1.23721591501322,-0.0206378682680495,-2.37015376102805
23,51.50951966225,-0.161023400167546,1.26179320962808,-0.0188933909433427,1.74989432703123
23.5,51.5095252185523,-0.161023346677175,1.20645050426443,0.0239075855753642,1.19156344925466
24,51.509530781131,-0.161023225271172,1.24105662637765,0.00626880834585133,-2.85582732851959
24.5,51.5095363423759,-0.161023173597596,1.22634233998538,-0.0102848283369848,0.0667658113017177
25,51.5095419605911,-0.16102317885782,1.24988784238783,-0.00854490211088103,1.24906020254983
25.5,51.5095475932742,-0.161023354718681,1.2427342134421,-0.0470659382821857,-0.483103735845477
26,51.5095532436166,-0.161023472523498,1.25591269895869,-0.000885839126481947,-0.180264999088943
26.5,51.5095588556346,-0.161023564142848,1.24504056460301,-0.0269116948433221,-4.0711682308712
27,51.5095644535117,-0.161023638558769,1.21854988743736,-0.00845252618835368,-1.03330603840428
27.5,51.5095699806682,-0.161023760565182,1.24296917721157,-0.0523224843580974,3.57916194152766
28,51.509575626023,-0.16102408279048,1.24534786789984,-0.0367380132394744,-0.596561564436452
28.5,51.5095812169302,-0.161024337208493,1.24007757280537,-0.0372841552877022,0.520895476337424
29,51.5095868377055,-0.161024663941998,1.24431048469872,-0.0494998080484889,-4.21971979016427
29.5,51.509592396409,-0.161024942309301,1.23108942897259,-0.031293794006455,-2.5298697916881
30,51.5095980384475,-0.161025041618593,1.25347892025215,-0.00612521048163544,-2.98056978299828
30.5,51.50960373095,-0.161025090885714,1.25693290528451,-0.0154203329395826,-1.06839465144748
31,51.5096093827921,-0.161025106089195,1.25881250052773,-0.0117244071406461,1.59532983433463
31.5,51.5096150194134,-0.161025137036218,1.24049903424596,-0.00170806869310884,-0.44069588875347
32,51.5096206007374,-0.161025136425204,1.23675168119678,-0.0191550267901204,3.27350801173147
32.5,51.5096256159516,-0.161025225104875,1.01125216898043,-0.0186395004714201,-1.21247864592872
33,51.5096294350421,-0.161025336328641,0.743921998787934,-0.0152805960272675,-4.33737184534046
33.5,51.5096321900919,-0.161025414582595,0.503200449372752,-0.026565523092215,-1.92151209081903
34,51.5096337195819,-0.161025455313925,0.231178759203997,0.000599672872009236,1.03925588311114
34.5,51.5096347289836,-0.161025125780212,0.228649022807694,0.0683744537599436,15.8930176476006
35,51.5096358555597,-0.161024319154432,0.254540374871587,0.13091338057651,29.0201776138784
35.5,51.5096368198235,-0.161023128667885,0.182596960631195,0.178661995992394,44.6691023677216
36,51.5096374691826,-0.161021660037625,0.110240804925125,0.214174894621883,61.3209794619133
36.5,51.5096378443112,-0.161019999499842,0.0639931766293405,0.227204791322603,77.0750210931447
37,51.5096380064155,-0.161018279045156,0.0116282704914955,0.225940846623374,89.0163722273299
37.5,51.5096378813225,-0.161016627188108,-0.0567183857665823,0.237153377621232,105.538494615728
38,51.5096374843174,-0.161014819351888,-0.120510928337487,0.237241179350316,116.803074629379
38.5,51.5096368841081,-0.161013407764699,-0.151638935285767,0.16458864630108,128.492592486554
39,51.5096360295704,-0.161012327116243,-0.23317837201063,0.12817442897244,144.878546109839
39.5,51.5096349991,-0.161011626413731,-0.227201432697897,0.0679641128006872,166.268963060281
40,51.5096339504699,-0.161011356611232,-0.250026957643832,0.00423943792477083,179.021854095194
40.5,51.5096321383209,-0.161011180210859,-0.526683866062103,0.0326405320578782,179.20935937431
41,51.5096291369822,-0.161011111683339,-0.773805685714036,-0.025699627234164,178.726494219408
41.5,51.5096250319547,-0.161011127571684,-1.02651295975065,0.014782724374969,186.206338794808
42,51.509619836827,-0.161011036149438,-1.24182911075284,-0.000362552335410132,182.81444684602
42.5,51.509614207723,-0.161010838561784,-1.25061622444093,0.0182729438141843,176.085923963454
43,51.509608580236,-0.161010652904414,-1.24966510441464,0.0226148556314873,177.470939626128
43.5,51.5096030380536,-0.161010626235882,-1.23591370888968,-0.0118677113217123,182.315535660619
44,51.509597471164,-0.161010679861236,-1.23587033277672,-0.0229601677733509,178.811676071541
44.5,51.5095919901126,-0.161010693459257,-1.21935478929678,0.00459789386542413,181.452952100912
45,51.5095864032167,-0.161010501715821,-1.2657810471607,0.0236247286005961,177.529511613763
45.5,51.5095807976477,-0.161010420881314,-1.23663436035368,-0.0177293867131823,180.935641245634
46,51.5095751583944,-0.161010436553061,-1.26487445895873,0.00389154758231644,181.721881117238
46.5,51.5095696284573,-0.16101048451747,-1.20626702193495,-0.0406511338069719,178.924363284953
47,51.5095640766001,-0.161010675277959,-1.26740008274118,-0.029953734210538,176.700325698273
47.5,51.5095584966351,-0.161010847980336,-1.22281736701858,-0.0287140876004379,178.164099075917
48,51.5095529172223,-0.161011040656196,-1.24853725423461,-0.0303535267996759,178.965109844192
48.5,51.5095472580344,-0.161011124895573,-1.2684738663902,0.00162736832795368,182.903221792677
49,51.5095416307742,-0.161011202761927,-1.23202764916961,-0.0304631983953856,182.036695688414
49.5,51.509536076806,-0.161011049073817,-1.25854102322811,0.041575708591902,175.437756393964
50,51.5095303623864,-0.161010959433763,-1.2759596101345,-0.00536497147456598,183.379680761883
50.5,51.5095247433179,-0.161010877449156,-1.24869227622847,0.0143134445344488,176.994472357734
51,51.509519022307,-0.161010749993574,-1.28403738859681,0.00580534651683703,175.328432995151
51.5,51.5095134083848,-0.161010761156888,-1.24396586942664,0.00476842470170329,180.62742886855
52,51.5095078463576,-0.161010678589488,-1.23586584618321,0.0176927907480919,183.522750994406
52.5,51.5095022961142,-0.161010515648363,-1.23666796523005,0.00862977428069089,176.836961198485
53,51.5094967279032,-0.161010523680874,-1.23741975302293,-0.0126450821935529,181.840880088453
53.5,51.5094911208716,-0.161010591949347,-1.27619483700905,0.00144992417748657,184.167838417525
54,51.509485372995,-0.1610105739909,-1.26589272001851,-0.00882575263188583,182.210043756987
54.5,51.5094797683895,-0.161010600898638,-1.25129853967193,-0.00738061138645854,181.347543998565
55,51.5094740367424,-0.16101054645557,-1.28340616071572,0.000708314662010087,176.401948958717
55.5,51.509468415856,-0.161010429891077,-1.2370007687044,0.0256433840427121,179.088006812227
56,51.5094627996823,-0.161010349402108,-1.25966317798998,-0.00932704558529681,177.429385947797
56.5,51.5094571936214,-0.161010270049185,-1.23663385834872,0.017973405298573,177.638434910204
57,51.5094516572149,-0.161010199338617,-1.24392830640463,0.00170983157724551,179.01217401657
57.5,51.5094460117907,-0.161010060072161,-1.25542796193717,0.0342505501375682,181.304038780351
58,51.509440460606,-0.161009573193969,-1.24211932309942,0.075652830926374,173.055635551935
58.5,51.5094348468673,-0.161009200958832,-1.25325050795596,0.0266745151089759,176.318118381663
59,51.5094291392544,-0.161009148586389,-1.29051809641336,0.00194350159982979,180.38377762157
59.5,51.5094234105419,-0.161009011347934,-1.26114628692831,0.0191924044375656,176.606874462437
60,51.5094178310691,-0.161008880823424,-1.2479334307463,0.0204243720319095,181.044692172794
60.5,51.5094121195824,-0.161008846372779,-1.27967238027524,-0.0156235493216672,179.630566330479
61,51.509406488549,-0.161008955648717,-1.24395979332098,-0.0301289571899066,176.88257421831
61.5,51.5094009480961,-0.16100924334916,-1.2374337636037,-0.0405717849562383,181.24099792755
62,51.5093953028507,-0.161009487928701,-1.26397898555692,-0.0281007121852293,180.433272251347
62.5,51.5093896801848,-0.161009566084373,-1.25289530185654,-0.00352509443084532,179.038327439571
63,51.5093840229319,-0.161009797598091,-1.25885248592534,-0.0442966226097885,185.711677246076
63.5,51.5093783836169,-0.161009923196151,-1.27220302527898,-0.000716784119232428,181.197721624446
64,51.509372707849,-0.161010070024864,-1.24890997263606,-0.0406665633134221,182.706484635762
64.5,51.5093671803352,-0.161010299815488,-1.22945194585497,-0.018460698553395,182.598603376073
65,51.5093614751305,-0.161010345963838,-1.28719710916594,-0.000427642656030534,180.672107100351
65.5,51.5093558552721,-0.16101018082142,-1.23318809015111,0.0466470804057125,179.343319382677
66,51.5093502378294,-0.161009838686573,-1.2567604832515,0.0525692498317233,179.388276502563
66.5,51.5093445963374,-0.161009625410116,-1.26160366231408,0.0137609079904482,179.183495159723
67,51.5093389926847,-0.161009577227866,-1.22452568305637,0.00162180607488746,179.314045831014
67.5,51.5093334698905,-0.161009580436537,-1.24639892562742,-0.0066151039016097,176.397665243304
68,51.5093278616096,-0.161009633533154,-1.22989621004398,0.00182941371352864,181.312130709045
68.5,51.5093223979667,-0.161009663456315,-1.22655581775802,-0.00410722763192253,180.438237224274
69,51.5093167543058,-0.161009652328813,-1.25647030994506,-0.0030218648732185,176.869666305732
69.5,51.5093112119495,-0.161009722459298,-1.24443793121594,-0.00275298944604958,181.025110159976
70,51.5093054621459,-0.161009725421065,-1.28032255183125,0.00435052632812678,180.370588388971
70.5,51.5092998411689,-0.161009676061128,-1.25542650094506,0.00469169258302257,178.42978805313
71,51.5092941579991,-0.161009624038045,-1.2610517876984,0.00825465676845713,176.901774854268
71.5,51.5092891433485,-0.161009748564007,-0.994682365953169,-0.0270160899619485,182.927551582677
72,51.5092853342377,-0.161009773728226,-0.759106325359761,0.011819500606504,178.193230518955
72.5,51.5092826159365,-0.161009665830704,-0.490739960049154,0.0116208971812027,175.680799572157
73,51.5092810168304,-0.161009628834854,-0.260060445628001,0.00622109776107541,178.330570295766
73.5,51.5092800411546,-0.161009262577109,-0.205701792226789,0.0817337463015474,163.588415099152
74,51.5092790807383,-0.161008506639732,-0.215482540915689,0.117744450741834,147.836429544016
74.5,51.5092782738005,-0.161007510235028,-0.163286266543063,0.151054684460946,134.927932457329
75,51.5092776256966,-0.161005966995244,-0.121088510755898,0.257124606624658,118.804188211537
75.5,51.5092772839856,-0.161004084042178,-0.0462590269295596,0.242853460702917,101.795245448283
76,51.5092772585202,-0.161002348003938,0.0184741698164735,0.256045522637932,89.2752010402511
76.5,51.5092774927908,-0.161000476648819,0.0763018411738671,0.238681737346735,76.215390769793
77,51.5092780279876,-0.160998835198034,0.143159687437352,0.229779722923267,60.8372936620344
77.5,51.5092787360352,-0.160997365613236,0.166878435460497,0.18350218298222,43.8304529912155
78,51.5092796250961,-0.160996159335074,0.21028674939984,0.152691462569815,28.3528759918318
78.5,51.509280581605,-0.160995409680634,0.213462183906936,0.0633695619748946,15.8681463770121
79,51.5092815144182,-0.160995231748575,0.208049912618829,-0.00759586827770588,1.84308262017486
79.5,51.5092831781404,-0.160995231174158,0.493807788504787,-0.00110048045282096,1.17531108168412
80,51.5092860430174,-0.160995264206192,0.749710977583344,-0.0114759577393137,-1.25330639155779
80.5,51.5092900998026,-0.160995278176583,1.01246805560927,0.00439583947775332,-1.47058979513278
81,51.5092952873503,-0.16099538764412,1.25732924685092,-0.0384948397643122,0.35356564309788
81.5,51.5093009952484,-0.160995598185959,1.26261825755261,-0.0234742709546382,0.00647246213893839
82,51.5093066909233,-0.160995752772768,1.2660078085173,-0.0211257713840091,1.19541225498058
82.5,51.5093123668365,-0.160995907026721,1.27564110647508,-0.0207900922889613,0.247614458819069
83,51.5093180707668,-0.160996038736529,1.24935428811126,-0.00746549534969566,-3.57324806952117
83.5,51.5093235803957,-0.160996029942367,1.22559541022431,0.00312588346154557,-1.1937174729173
84,51.5093291979191,-0.160996159018501,1.26396659493025,-0.0475723766029512,2.09170619453663
84.5,51.5093349104482,-0.160996435934543,1.27360101745465,-0.027945957050927,0.201870836620393
85,51.509340618674,-0.160996524209638,1.27297975245235,0.00381522553445068,0.518012102616718
85.5,51.5093462454473,-0.160996458626946,1.23385086371077,0.0178782598203953,-1.40462287331029
86,51.5093518311843,-0.160996282185226,1.26478662682262,0.0314774997878482,-0.310487066644646
86.5,51.5093574302376,-0.160996094291188,1.2235369267419,0.0123619461397697,2.79816204150498
87,51.5093629063621,-0.160996148774762,1.21796795475741,-0.0116169265840164,-3.78419298751066
87.5,51.5093684751988,-0.160996410702901,1.25389527688588,-0.0598106501860673,-1.19477414219706
88,51.5093741375077,-0.160996711167912,1.26833919145708,-0.0371314659316311,2.13103960342581
88.5,51.5093797762763,-0.160996999884572,1.24436658361382,-0.0384166803418398,1.93335156010004
89,51.509385355041,-0.160997222988546,1.24889135310055,-0.0151207628070895,-1.03724273473976
89.5,51.5093910234684,-0.160997383919843,1.25758234741565,-0.0270293291456366,-0.521385279391972
90,51.5093965698449,-0.160997356842431,1.23280954490948,0.0244478900712152,1.94270292513002
90.5,51.5094021581956,-0.160997346018309,1.23579141373821,-0.0191215854581317,1.56239408078073
91,51.5094077350196,-0.160997449431829,1.26199090861724,-0.000311521863384907,-2.60965738251854
91.5,51.50941332659,-0.16099756810216,1.23079855903195,-0.0351772063236367,-0.489557802615494
92,51.5094188589656,-0.160997697381542,1.23816975736399,-0.0022444860817104,-2.68334112880937
92.5,51.5094244520877,-0.16099783840218,1.23443819242385,-0.0374134704414217,-0.251164369506683
93,51.5094299751904,-0.16099802509224,1.23360268643283,-0.0171913084851455,-1.82057102555787
93.5,51.5094355953058,-0.160998071457478,1.24892544721192,0.00363176772126274,-0.0740701867934255
94,51.5094412570382,-0.160997902986995,1.27963701712521,0.0259614833724823,4.03671403583916
94.5,51.5094469318697,-0.160997812753053,1.24163435027351,0.00527386375167588,1.0733150433032
95,51.5094524951506,-0.160997613446947,1.23800145196323,0.0463897311116335,1.07508441202398
95.5,51.5094581368935,-0.160997524231849,1.26323619242092,-0.015628977532918,-2.59903624788018
96,51.5094636885898,-0.160997620141813,1.21737735598818,-0.0157375620941696,-1.3557830028513
96.5,51.5094692652964,-0.160997541009006,1.24754355408948,0.0218205519204064,0.553648354703235
97,51.5094748897995,-0.160997291933667,1.2535856949698,0.031879128837234,3.64586898935231
97.5,51.5094805926981,-0.160997141110058,1.28295661350848,0.0039652773599721,2.19450831251653
98,51.5094862949345,-0.160997040095483,1.25513637257193,0.0205786382832687,1.71624432688465
98.5,51.5094919148778,-0.160996837334029,1.24042972065991,0.0267675477946713,1.48367175382579
99,51.5094975375267,-0.160996527244287,1.24243783365764,0.0517124343764531,2.06442084476151
99.5,51.5095030756375,-0.16099614571545,1.23491311086881,0.0530219976256636,0.190193524600888
100,51.5095087219076,-0.160996044906305,1.25728951223426,-0.0185102005213197,-1.98870657936809
100.5,51.5095142450847,-0.160995990323805,1.23364110499482,0.0204071339804737,0.691841985188549
101,51.5095199466582,-0.160996023378546,1.24836470861643,-0.0312254775302912,-0.193602182138048
101.5,51.5095253560214,-0.160996086165333,1.21167029440686,0.0084636430721199,1.25849568936782
102,51.5095309676364,-0.160996017242785,1.25203101474434,0.00857232215987945,1.61430655173929
102.5,51.5095366681998,-0.160996098429504,1.28440173393488,-0.0161235260537478,-2.92269545382402
103,51.509542359536,-0.160995954005484,1.25016688732004,0.0483431468942426,0.973311887656062
103.5,51.5095479557906,-0.160995930987019,1.25758283740581,-0.0296352139501527,-3.0545215290511
104,51.5095537038003,-0.160996176406604,1.278121890121,-0.0317813251796563,-1.92904257507806
104.5,51.5095592499752,-0.160996391219007,1.21806003624453,-0.0304821159835019,-2.65215811233221
105,51.5095648734934,-0.160996602321748,1.26485631090502,-0.0299909843667642,-0.379216074110858
105.5,51.5095704962082,-0.160996833509128,1.26351684014054,-0.0345601867854796,-2.00038511522535
106,51.5095762328011,-0.16099696997308,1.27593008967528,-0.00351189241601092,-1.18148344696723
106.5,51.5095819005233,-0.160996974947752,1.25609324302812,-0.00307616562391639,-1.52907007322857
107,51.5095875324593,-0.160996936749853,1.25382850417808,0.00441544668309785,1.23226615452345
107.5,51.5095932052095,-0.160996894964063,1.27081494486247,0.0088637446433174,-2.85215537312551
108,51.5095988089083,-0.160996857033918,1.24950253288648,-0.000738929225134063,-1.76133589659503
108.5,51.5096045898173,-0.160996909543986,1.28518295105509,-0.0162621169902394,-4.51758172750666
109,51.5096102606857,-0.160997023081377,1.26695137046819,-0.0163451385470738,-3.89292147007873
109.5,51.5096159729848,-0.160997052966792,1.25327089739749,-0.00778358764342174,-0.423984182990542
110,51.5096215728899,-0.160997231495048,1.26839867098291,-0.0454355440319369,-0.0140818576668863
110.5,51.5096267642745,-0.160997452878189,1.03916120289137,-0.0217574671127979,0.349940327374217
111,51.509630660796,-0.160997594330877,0.759850935688544,-0.0159652435154512,-1.96599980062354
111.5,51.5096334134081,-0.160997669924941,0.499689325743892,-0.0028078028855816,-5.37792923398778
112,51.5096349177163,-0.160997709284107,0.230086983968243,-0.0149975192985823,-2.31009220233958
112.5,51.5096358905095,-0.16099749309942,0.208154972477702,0.0617517673732981,12.5242427733352
113,51.5096367576148,-0.160996707776896,0.207734136888424,0.148925225605256,29.7665435931902
113.5,51.5096375302885,-0.160995384285845,0.132921754734916,0.207221316241281,46.6879856990191
114,51.5096381311057,-0.16099392067038,0.153159701045764,0.193314386807527,65.3143876713981
114.5,51.5096386511622,-0.160992193054104,0.0741796624067614,0.259609021439549,73.8447940259124
115,51.5096387221526,-0.16099043750712,-0.0119814021396842,0.253986853851561,90.7145303874083
115.5,51.5096385663009,-0.160988668606836,-0.0547896052370676,0.225885489972198,104.063909707756
116,51.5096380866056,-0.160987198518388,-0.138501804602997,0.200341911398943,118.408060554346
116.5,51.5096373479105,-0.160985794282615,-0.186364892882618,0.190705899977149,133.788490861095
117,51.5096363861032,-0.16098466808417,-0.21502176984186,0.12365146169301,150.31700102105
117.5,51.5096353858412,-0.16098408338335,-0.248373143089398,0.0631839247801163,163.043350564165
118,51.5096341948556,-0.160983801905842,-0.251585618149262,0.0152962260159966,180.325649285301
118.5,51.5096325344664,-0.160983769731989,-0.488458456529118,0.00822622335389279,179.293336429235
119,51.5096295960619,-0.160983619058937,-0.759035498720601,0.0249935261948923,177.500369322667
119.5,51.5096255498907,-0.160983355856726,-0.998182514902152,0.0525067146156625,176.090885447861
120,51.5096204156743,-0.160983120477943,-1.22914719167205,0.0169041249910275,178.650777605552
120.5,51.509614831053,-0.160983115717251,-1.2624493592005,-0.00194478626365845,179.667737868244
121,51.5096090900684,-0.160983179884044,-1.2678983547186,-0.0143830496581761,179.533051935395
121.5,51.5096034641626,-0.160983123894315,-1.25538849841785,0.0370489601008833,181.035360551431
122,51.5095978495543,-0.160982948194753,-1.23932461120174,0.0130184525722772,179.509034035395
122.5,51.5095922613762,-0.160982882499747,-1.24877943505067,0.0107581104016503,180.452761258585
123,51.5095866238255,-0.160983019595414,-1.25049724431132,-0.0380328193568128,182.452541676228
123.5,51.5095810396154,-0.160983203070668,-1.23725390425546,-0.0157994409640404,179.636136288816
124,51.5095754485738,-0.16098337744389,-1.2548801362309,-0.0207595379728609,183.241619291114
124.5,51.5095697922478,-0.160983601299211,-1.25586126486891,-0.0352949553493546,180.909920024569
125,51.5095641803118,-0.16098392716151,-1.2424233595118,-0.0526809282702329,181.298654469483
125.5,51.5095586056877,-0.160984194647297,-1.23857253251727,-0.0125365440744617,182.947231319013
126,51.5095529777236,-0.160984199068823,-1.25994614487036,0.0034093227519811,179.099208229716
126.5,51.509547322764,-0.160984005114467,-1.26397138979659,0.0368770626049999,173.463520965324
127,51.5095417008361,-0.16098392854983,-1.22991335160135,-0.00221661410936599,178.189751298643
127.5,51.5095362261615,-0.160983883388996,-1.21636105531409,0.0172744210711076,175.405068367675
128,51.5095307052721,-0.160983897585184,-1.22707922422042,-0.00913612711868023,181.153466497774
128.5,51.5095252262102,-0.160983798632585,-1.21811374357119,0.0377915469779107,177.759568176579
129,51.5095196473461,-0.160983630055352,-1.25275121833096,0.00714801450953326,178.82610314044
129.5,51.5095141201491,-0.160983747481195,-1.22047585883447,-0.021199925858958,182.244557470759
130,51.5095084918968,-0.160983864248519,-1.27067765651211,-0.0158524559112211,181.157178324301
130.5,51.5095028001244,-0.160983952258307,-1.26879618903405,-0.0102792293356399,180.282344529198
131,51.5094971003594,-0.16098404921889,-1.25551252200365,-0.0175930019799315,180.26920924049
131.5,51.5094915652538,-0.160984214710211,-1.2295869740073,-0.0198016118424898,183.097546400903
132,51.509485876233,-0.160984309900772,-1.27424418769794,-0.00792846430284443,182.091171269462
132.5,51.5094803111971,-0.160984218296934,-1.22220611612316,0.0276808310653352,181.301105780544
133,51.5094746637402,-0.160983999103829,-1.26682582861492,0.0289070558056505,180.317258478568
133.5,51.5094690945812,-0.160983694299906,-1.24168775435566,0.051464497582379,180.478831692979
134,51.5094634243687,-0.160983289575152,-1.25482781110097,0.0573057537394057,179.093739587471
134.5,51.5094579029705,-0.160982897878085,-1.22193292494825,0.0429962626018883,176.044305590585
135,51.5094523546835,-0.160982700595292,-1.22627441648098,0.0204052839143026,180.093269058388
135.5,51.5094468369491,-0.160982701952374,-1.23767734259686,-0.011622698730964,181.84611102538
136,51.5094412081395,-0.160982739268044,-1.25516008824576,-0.00328849144595423,180.270443655666
136.5,51.5094356216403,-0.160982654217116,-1.24229166990052,0.0215769674915313,178.203686749944
137,51.5094299309493,-0.160982525316571,-1.26641133824148,0.0187096444644042,180.8156395377
137.5,51.509424312523,-0.160982370977213,-1.24760881886097,0.020927979781224,178.100876419655
138,51.509418746258,-0.160982271453138,-1.23068437711109,0.00657093561513671,179.65729055386
138.5,51.5094131891529,-0.160982142325797,-1.24357587035939,0.0295164015100975,179.23691175713
139,51.5094076021977,-0.160981941068445,-1.24765903364277,0.0268680671481574,180.850847866011
139.5,51.5094020264535,-0.160981742157882,-1.24087430329346,0.0243834795697347,178.07393667212
140,51.5093963646984,-0.160981542657452,-1.27167637162597,0.028585899107836,179.549673117905
140.5,51.5093907003602,-0.160981392682713,-1.27186919505692,0.0224946977431056,182.083167872941
141,51.5093849994745,-0.160981156215665,-1.2523531009943,0.0302164132210693,177.313547812323
141.5,51.5093794811088,-0.160981120285568,-1.21778488682984,-0.0177970869788913,178.813901943207
142,51.5093739192173,-0.160981210133254,-1.26743989657156,-0.00890011177678316,176.693841668226
142.5,51.5093682440312,-0.160981166896662,-1.26375989104607,0.0192581675222331,178.754898096766
143,51.5093625189506,-0.160981191122553,-1.26797611688319,-0.0149701439718446,181.334612810736
143.5,51.5093569690659,-0.160981319928369,-1.23525941482992,-0.0147691024500843,183.828789967975
144,51.5093514192145,-0.160981363495631,-1.21935661263571,-0.00107424121046825,180.890832327072
144.5,51.5093458318533,-0.160981294141142,-1.26805648080466,0.0103533039862553,177.611489788928
145,51.5093401946758,-0.160981167944417,-1.25199280350423,0.025057233132224,177.525877624754
145.5,51.5093345159124,-0.160981117484858,-1.26330157473922,-0.00542770427417111,179.543782456759
146,51.5093288181063,-0.160981061948439,-1.28691846886294,0.0282407273369459,182.188272438348
146.5,51.5093231115636,-0.160981019133065,-1.25369894832559,-0.0155886030687414,181.325045359422
147,51.5093175936687,-0.160980976564194,-1.21101726461353,0.0231215330951474,180.519336480127
147.5,51.5093119548751,-0.160980846846929,-1.28004747943962,0.014475140428357,181.121004596926
148,51.5093063232941,-0.160980655037591,-1.2503971058441,0.0359451248705975,180.722202004178
148.5,51.5093006129987,-0.160980466057826,-1.26976777446832,0.0128534342298718,178.876955928945
149,51.5092949913106,-0.160980359311653,-1.25427213040827,0.0203042703212567,180.163298649641
149.5,51.5092898820947,-0.160980266857323,-1.02354988833887,0.0095121999726804,180.660115098386
150,51.5092859727698,-0.160980196516678,-0.772739467531232,0.0073547594505816,179.704305964872
150.5,51.5092832561323,-0.160980237939039,-0.483385144901918,-0.0193923049445918,179.072457003348
151,51.5092816809584,-0.160980460522128,-0.257580427180806,-0.0429802183377132,178.422102655956
151.5,51.5092806544275,-0.160980419003904,-0.216003887812446,0.0429642870090489,165.625035993602
152,51.50927974632,-0.160979684745469,-0.192454581040665,0.147845391489756,151.358223175338
152.5,51.5092789506379,-0.160978584111282,-0.167002672348198,0.15233862908831,138.7692864005
153,51.5092783028083,-0.160977231071714,-0.126399796944894,0.214791839544629,124.593849760856
153.5,51.5092779020919,-0.160975643440948,-0.0681747581590644,0.229986985029106,104.633264144211
154,51.5092777256643,-0.160973923754737,-0.0117182770325744,0.229069422264975,89.8822370340989
154.5,51.5092778780274,-0.160972223907412,0.0607167217541815,0.251488184980719,73.1450658061009
155,51.5092783136141,-0.160970509021898,0.125775738764582,0.218010132662947,61.9235988834402
155.5,51.5092789904321,-0.160969193927556,0.171158433004706,0.171288775283465,43.3306477533969
156,51.5092799270707,-0.160968057479647,0.225397321307277,0.128278963831536,33.4382982103909
156.5,51.5092809060453,-0.160967463091312,0.215798860747234,0.0610729276397771,16.5427377153911
157,51.5092819479182,-0.160967229486788,0.245197184329311,0.00427465070186938,-1.97796153689418
157.5,51.5092837075451,-0.160967289229644,0.507138704461357,-0.0180974007757575,1.32489589860441
158,51.50928660943,-0.16096742101971,0.747224624216082,-0.0294251140234612,0.942942140349217
158.5,51.5092907114962,-0.160967652446252,1.02295312840017,-0.0290542775847086,-2.41374247986915
159,51.5092958530938,-0.16096777785339,1.24604799953995,-0.0142444896002995,0.33394347476604
159.5,51.5093015322295,-0.160967797368765,1.24657176360246,-0.00108492923921088,1.37188036754413
160,51.509307119433,-0.160967884378702,1.25800636863508,-0.0247945502906921,1.0058463172033
160.5,51.5093128293163,-0.160967982297339,1.26986649412659,0.00190891739851824,-2.83390781177284
161,51.5093184669946,-0.160967896559283,1.26109061834237,0.0148701578848808,-0.40577400861595
161.5,51.5093241028857,-0.160967754504047,1.24868598188761,0.01863445761847,-0.943121218443576
162,51.5093296917342,-0.160967580044211,1.24452542313208,0.0202961878956569,2.72754265274657
162.5,51.5093353145706,-0.16096745399029,1.26141465439282,0.0116296110363669,0.807268697320742
163,51.5093410109648,-0.160967487771428,1.26779807331099,-0.0173447682685753,0.144926349417514
163.5,51.509346633952,-0.160967459058751,1.23484822738613,0.0167042351626557,0.952219797566814
164,51.509352258197,-0.160967462756125,1.27729508355467,-0.0152683213674836,-0.20514323407998
164.5,51.5093579631778,-0.160967463633915,1.26885098175217,1.51282816247961e-05,4.46570361348784
165,51.509363643898,-0.160967470169256,1.25988487565179,-0.00457826172344665,3.14326232370942
165.5,51.5093693276757,-0.160967469458574,1.26444428152435,0.00606868140997674,2.99718520248281
166,51.5093750010257,-0.160967373182978,1.27747407545555,0.0219657023067574,0.657963287487606
166.5,51.5093807034077,-0.160967318940437,1.2469386909182,-0.00517790598652702,0.641229053330651
167,51.5093862512008,-0.160967245981286,1.23853835189414,0.0248845060571295,-0.798620348418013
167.5,51.5093918089263,-0.160967136747141,1.23199855755252,0.00167662159026379,2.18868524665931
168,51.5093973587631,-0.160967067364203,1.24723819623016,0.00987012612431423,2.98030337489428
168.5,51.5094029603581,-0.160967104629167,1.25279360642383,-0.0125167211498783,1.3027513111698
169,51.5094086393134,-0.160967266352902,1.27726905311824,-0.027571307739454,-0.609944404297416
169.5,51.5094142969986,-0.160967380464063,1.25370295876023,-0.00797426905887485,1.2618034869193
170,51.5094198896515,-0.160967468388261,1.23404138344196,-0.00887000766320446,-2.55486115804409
170.5,51.5094254400506,-0.160967555326753,1.25339661419681,-0.0128710613719232,-1.5966377420776
171,51.5094310335686,-0.160967584661305,1.22444106509854,-0.00210216183495035,-0.185115070483106
171.5,51.5094364512087,-0.160967648627657,1.2196801443287,-0.0132226250488776,-0.016365514890668
172,51.5094420422648,-0.16096771332963,1.24979253979077,-0.0063607391636391,0.584781526010393
172.5,51.5094475862268,-0.160967729200258,1.24442814189211,0.0018078548399072,1.57379727276454
173,51.50945318914,-0.160967624657259,1.233398411923,0.031181520340971,0.0597641132241892
173.5,51.5094587033136,-0.160967496089107,1.23936138865555,0.000986763119526578,3.39019296471061
174,51.5094643141407,-0.160967447492868,1.25902069357727,0.0156401360210528,0.405807779176982
174.5,51.5094699976099,-0.16096734109878,1.27034567743656,0.0186429319943844,0.15431456008845
175,51.5094755880864,-0.160967330118794,1.22242200975597,-0.0156269301536991,-0.856004823773519
175.5,51.509481166372,-0.16096741888201,1.26526581006615,-0.00944077485587507,0.163860315712492
176,51.5094868881845,-0.160967289653181,1.27277177756263,0.0385667528449174,0.384529352506209
176.5,51.5094925516342,-0.160967201327131,1.27182400661401,-0.0102737041152978,-0.132902542629899
177,51.5094982453981,-0.160967173083791,1.23655767253202,0.0105118234322683,1.89392332722357
177.5,51.5095037580231,-0.160966994589278,1.24193966493545,0.0388244365614843,0.379577694511355
178,51.5095094721297,-0.160966806669566,1.27677921767418,0.0260084616300347,-3.83766079296993
178.5,51.5095150715403,-0.160966640307154,1.24895695522977,0.0198932196888891,-3.03745659945897
179,51.5095206889753,-0.160966399621974,1.24335478219874,0.0403756932550868,-1.30799726000896
179.5,51.5095261813308,-0.160966186822084,1.21245889840048,0.0194029103580879,0.0511007089657261
180,51.5095317064344,-0.160966135735615,1.24331417937361,-0.00417722291178539,0.950521177863914
180.5,51.5095372353414,-0.160966121696924,1.23550455156353,0.0108401550910448,0.353819650327496
181,51.5095428419442,-0.160966062559366,1.24330976032267,0.00593744872452889,1.21609211947908
181.5,51.5095483887742,-0.160966101085013,1.24258825657408,-0.0144699610876501,0.953836276854516
182,51.5095540205563,-0.160966196456115,1.25253665477643,-0.0084079270649622,-0.150977978607978
182.5,51.5095595173032,-0.160966271426094,1.22445808293393,-0.0136036128941883,0.827231151721829
183,51.509565155951,-0.160966248862322,1.26051430343857,0.0211539091728176,-1.17573708760418
183.5,51.5095707765217,-0.16096619907578,1.262180844978,0.00200201327780182,-3.69065582449217
184,51.5095763661857,-0.160966194344193,1.22725885042545,-0.00628293573973512,-0.843088145965639
184.5,51.5095818738448,-0.16096616097567,1.23084916853302,0.00942423837111152,0.454212170422453
185,51.5095874807459,-0.160966222390604,1.26715711073852,-0.0255474902095338,1.21094964771115
185.5,51.5095931772394,-0.16096651045702,1.26982197661766,-0.0472088287369804,-2.3097089737697
186,51.5095988272172,-0.160966730818229,1.2518485539834,-0.0156632093016779,-1.81520286347548
186.5,51.5096044351675,-0.160966776323117,1.24767040680673,-0.00160292849683993,-1.82526133525964
187,51.5096099364489,-0.160966861945905,1.19361185655722,-0.019750811893725,-2.29106286974272
187.5,51.509615442649,-0.160966933818317,1.27361195346222,-0.00741664945368783,-1.09206809548863
188,51.5096211856381,-0.160966939807384,1.26451286931466,0.000485202485195263,0.746465123802136
188.5,51.5096261764402,-0.160966928587904,1.00191016674105,-0.00413403446864249,2.57233103474408
189,51.5096300740624,-0.160966932197718,0.757273327547506,0.00424001963570708,2.45540757429224
189.5,51.5096327625933,-0.160966960017512,0.494125890359138,-0.0119913265957039,4.24589251649369
190,51.5096342999411,-0.160967126094917,0.229610796949852,-0.0303916388426382,3.63859756535643
190.5,51.5096353555469,-0.16096698960399,0.254208368150086,0.05478769702519,14.8012446889097
191,51.5096363651986,-0.160966285728662,0.216084172713795,0.131727736604974,32.3439305505411
191.5,51.5096372623394,-0.160965093005524,0.172099374705337,0.180412261890135,41.9360347743382
192,51.5096379006257,-0.16096358525848,0.136331368670125,0.230830497684608,64.4776812509918
192.5,51.5096384244339,-0.160961834162972,0.0971247071415255,0.241059898301197,75.6754930531931
193,51.5096386365395,-0.160960178887823,0.0169249092917565,0.22705620352467,93.7123132579177
193.5,51.5096385361286,-0.160958414807252,-0.0577854090970066,0.238139126210684,104.080914465464
194,51.5096380435741,-0.16095686822523,-0.151673743842276,0.21183729130788,116.593143926087
194.5,51.5096372535468,-0.160955352506733,-0.188621421210774,0.185556294077793,131.927334332352
195,51.5096364200883,-0.160954359893073,-0.186694462703946,0.11824785279749,147.85591251237
195.5,51.509635409582,-0.160953497691812,-0.247019214600871,0.103631709535151,161.416054844034
196,51.5096343344276,-0.16095319854807,-0.236015832898517,-0.000905858404602528,176.038300374319
196.5,51.5096325482348,-0.160953122473126,-0.51703193279756,0.00721487599226647,177.884755476526
197,51.50962960074,-0.160953069472863,-0.757747763901657,0.0125897467877781,182.113588889866
197.5,51.5096255393492,-0.160953002891152,-1.01465045897131,0.000824821258281584,182.227334164033
198,51.5096202750032,-0.16095296978778,-1.28584590542741,0.00425376531874341,181.222657158195
198.5,51.5096145001329,-0.160952819139218,-1.26796454631348,0.025349935876856,178.063475904832
199,51.5096089478886,-0.160952853036808,-1.21917266491011,-0.0242639670635403,183.937413337308
199.5,51.5096033515051,-0.16095295914491,-1.24810693455876,-0.0181356858960721,177.707681921138
200,51.5095978369346,-0.160952976620709,-1.23930163009534,0.00748534254786322,180.853124699413
200.5,51.5095921293574,-0.160952976049985,-1.27926536573624,-0.00577370824963681,179.198808556015
201,51.5095864202858,-0.160952866263352,-1.27262277830312,0.0219903873236047,177.536432063234
201.5,51.5095807433788,-0.160952742549079,-1.25084904138039,0.0247425443776487,181.940483533875
202,51.509575156068,-0.16095255917252,-1.241900355552,0.0230107309970914,180.693092014661
202.5,51.5095694886869,-0.160952358374301,-1.26753379277089,0.0270227120093015,179.783835983684
203,51.509563834415,-0.160952262872406,-1.26661873240216,-0.000387793333042851,180.237394770025
203.5,51.5095581441376,-0.160952220482362,-1.26378270756202,0.00949978654142887,180.387019490283
204,51.5095524733206,-0.160952108318314,-1.25419683566086,0.023434431571149,182.287693482291
204.5,51.509546880633,-0.160951877050404,-1.24864272580651,0.0316197080983743,179.156633678654
205,51.5095412687443,-0.160951690017062,-1.23494844754573,0.0184433937967948,180.826545404543
205.5,51.5095357620383,-0.160951572270988,-1.23199578332093,0.0101510539346906,178.791317912479
206,51.5095301186981,-0.160951556871113,-1.26645090630592,-0.00975153519885853,179.891166534459
206.5,51.5095245357342,-0.160951681545278,-1.23318427310598,-0.0211752784123763,181.461521289286
207,51.509518928557,-0.160951852409895,-1.24502575262814,-0.0253138231081336,183.62855110395
207.5,51.5095133570275,-0.160951988203227,-1.24150584795508,-0.0226444227077007,179.191993755015
208,51.509507773726,-0.160952099932219,-1.24775541335316,-0.00935794306603619,182.001662539685
208.5,51.5095021334748,-0.160952297972163,-1.24964265832204,-0.0424578632590653,180.885181188111
209,51.5094965779187,-0.160952420900679,-1.24081250608265,0.00286058268487233,182.632397877495
209.5,51.5094908834947,-0.160952452233086,-1.26522289015199,-0.00774614789008587,183.03461345601
210,51.5094852640539,-0.160952344764711,-1.25749247223833,0.0260448499234562,181.445718103452
210.5,51.5094795253501,-0.160952081420172,-1.26075553319855,0.0390841949959074,178.806389867458
211,51.5094739836185,-0.160952002349008,-1.25411448022743,-0.00879014500325984,183.967495025675
211.5,51.5094681775944,-0.160951844909248,-1.28083751572701,0.0378324437236219,177.787810973696
212,51.5094625640027,-0.160951721691267,-1.24705723211081,-0.00730089368457812,180.720767233356
212.5,51.5094569117419,-0.160951755157875,-1.25312253487208,-0.000753435249390892,178.733172907184
213,51.509451326909,-0.160951911291993,-1.23195484836376,-0.048415061759985,178.69489687287
213.5,51.5094458026479,-0.160952178305772,-1.23445553313891,-0.00976487293468761,183.399284464792
214,51.5094401472375,-0.160952153416455,-1.2590538012672,0.00596707301427777,178.709511588823
214.5,51.5094345772466,-0.160952102437329,-1.23776673284048,0.0111851627771102,180.85910417609
215,51.5094290162405,-0.160952072253024,-1.22352900623217,0.00313893533593889,181.76003280256
215.5,51.5094234992947,-0.160952056323868,-1.24600274963166,-0.010746041408344,177.668890394233
216,51.5094178574316,-0.160952191914251,-1.25002099265073,-0.0223825274879697,181.094435767533
216.5,51.5094122694241,-0.160952309820186,-1.25131983870595,-0.0104868138931039,181.586373064956
217,51.5094066823183,-0.160952382186099,-1.23598155264176,-0.025282834608577,177.381395180109
217.5,51.509401032896,-0.160952472092684,-1.26841854175303,-0.0086003490803158,176.721997198565
218,51.5093954349514,-0.160952462847204,-1.24183190109968,0.0120110933723336,178.743969187599
218.5,51.5093897722053,-0.160952529180952,-1.24826913900038,-0.0247100060262313,182.089811420868
219,51.5093842052257,-0.160952511501745,-1.26264023803581,0.0168912543579568,178.450139606164
219.5,51.5093784701399,-0.160952417725799,-1.26869652570942,0.00710063109214074,181.277226586048
220,51.5093729305721,-0.160952451241967,-1.21829963071943,-0.0165368249783141,181.058175822065
220.5,51.5093672829309,-0.160952421684697,-1.27442798160245,0.0144925913516886,181.142499619897
221,51.5093616754326,-0.160952411601598,-1.24596130551945,-0.0155293731594028,179.658522985995
221.5,51.5093560366681,-0.160952515806878,-1.24676942475393,-0.0119371518245772,182.623592719107
222,51.5093504070977,-0.160952417907529,-1.25241348570012,0.0241149758622334,176.390773755362
222.5,51.5093447982227,-0.160952360168397,-1.25439238890652,-0.00767609483381328,180.19857433604
223,51.5093391430004,-0.160952466877379,-1.25568997860203,-0.0165484417261314,179.9043677538
223.5,51.509333515051,-0.160952556071712,-1.25286883967827,-0.0192700650755665,178.44963769917
224,51.5093279089683,-0.16095268046345,-1.24235630676369,-0.0111481198675372,179.637536665706
224.5,51.5093223385005,-0.160952740540561,-1.24738750676537,-0.00684858532078702,180.061477285789
225,51.5093166909649,-0.160952717799196,-1.2521655421037,0.00714574359208616,177.814612919867
225.5,51.5093111250694,-0.160952750848222,-1.24444237813327,-0.0065782919941552,182.919669212687
226,51.5093054552631,-0.160952796844898,-1.26610109134996,-0.00654296199921702,180.345617713909
226.5,51.509299864726,-0.160952837301634,-1.24208583086484,-0.0037888201441989,182.974179548042
227,51.5092942290417,-0.160952893993124,-1.24924579957598,-0.00817986476837576,181.554270395696
227.5,51.5092892462072,-0.160952831847563,-1.01378115628413,0.0174874061662219,180.838226157334
228,51.5092852867354,-0.160952769577847,-0.774299694860907,0.00310555267444432,180.117855412028
228.5,51.5092825303093,-0.160952765347883,-0.515983860182356,-0.000455777160249485,181.62905665625
229,51.5092808766783,-0.1609528519891,-0.253419620858554,-0.0198427707841761,181.770651192442
229.5,51.5092798597678,-0.160952543163006,-0.224366235423227,0.0892229863734265,163.250118755748
230,51.5092788190807,-0.160951725289814,-0.235830729750717,0.133787718748484,149.605275770478
230.5,51.509277855716,-0.160950565571151,-0.199372169838816,0.179627905044761,134.807413120728
231,51.5092771732705,-0.160949063126416,-0.108416461030692,0.229508827640055,121.427449202238
231.5,51.5092768032832,-0.160947333336792,-0.0657874186828213,0.243483579900283,107.435047251048
232,51.5092766916473,-0.160945624585036,-0.00153515120097849,0.246458940226657,88.9324736221522
232.5,51.5092768435197,-0.16094373794582,0.0615883812991532,0.266031830695267,76.6760042279435
233,51.5092773492563,-0.160942029111239,0.146040909546869,0.215632075154659,58.1619863121331
233.5,51.5092780398354,-0.160940640755154,0.15828451492592,0.180742386081871,44.6675722506895
234,51.5092788781586,-0.160939588337331,0.208541965433181,0.121439345077628,32.9538137845294
234.5,51.509279881999,-0.160938935958899,0.226335043686964,0.0679222822382262,16.5026674619162
235,51.5092809350435,-0.16093883999708,0.238304982724793,-0.0228880133809582,-2.45314580202397
235.5,51.5092826416228,-0.160938954061441,0.499231984678993,-0.0106714072036826,1.34636617746301
236,51.5092855702757,-0.160938974345024,0.760847999803815,0.00116333173153803,3.24628992020023
236.5,51.5092896376266,-0.160939037896226,1.01453538331802,-0.014994566357318,0.908777628161436
237,51.5092948920203,-0.160939051537258,1.26530246457297,0.0123605435204228,-0.0163419977554111
237.5,51.5093005622701,-0.160938995372993,1.24896504179302,0.00804685280031488,-1.68568777326668
238,51.5093061601116,-0.160938875459744,1.23687660364608,0.024648376810366,-0.627817185614221
238.5,51.5093117331869,-0.160938747319585,1.24043455745104,0.0104697560766706,-0.0320138603308856
239,51.5093172991323,-0.160938870325412,1.23756742990439,-0.0421071291943874,1.36687156749403
239.5,51.5093228993202,-0.160939142680314,1.24875861036027,-0.0253789056956427,-2.12197078393695
240,51.509328481712,-0.160939349583289,1.24736713267164,-0.0254907192061502,-3.26365126656382
240.5,51.5093341096816,-0.16093945467071,1.24852071933045,-0.00677909917487947,-3.50441406214236
241,51.509339659381,-0.160939446744285,1.22809792868376,-0.000731622277210957,-0.0793205956916246
241.5,51.5093452400092,-0.160939393476003,1.25312354360846,0.000599062324566385,3.25649283518953
242,51.5093507672391,-0.160939406180772,1.21596452029932,-0.00129205254227707,0.910878388510516
242.5,51.5093562871931,-0.160939307733012,1.23145739243984,0.0295865535238639,-1.13183714855962
243,51.5093618754173,-0.160939144848216,1.25677574309438,0.0118449762531381,-0.167936552840313
243.5,51.5093675657242,-0.160939189242896,1.26369924379813,-0.0274156371817868,0.625937435667383
244,51.5093731941236,-0.160939247434429,1.25698354065989,0.00891595212810935,0.274220823347174
244.5,51.5093788779199,-0.160939224312672,1.24058972599556,0.000999569165216468,-1.32659760418446
245,51.5093844092697,-0.160939249611712,1.25301741709135,-0.00758140441683842,-1.05911372173702
245.5,51.5093901445582,-0.160939358195272,1.27036444491063,-0.0326297134772704,2.58799685432296
246,51.5093956813045,-0.160939425878615,1.21003866323914,0.0185400952027071,-2.5327323627237
246.5,51.5094012455624,-0.160939381605869,1.24877601843601,-0.00488441201425685,-1.3403136647228
247,51.5094068420473,-0.160939350224443,1.24701705072279,0.00208165848321968,0.57978623107197
247.5,51.5094124519924,-0.160939340826507,1.23189995409218,0.00515671762506146,-2.32830147769211
248,51.5094179897809,-0.160939334420312,1.24669708309624,-0.00998412627174041,0.0667711125390227
248.5,51.509423551471,-0.160939410748348,1.21949153180448,-0.00905566256523407,-2.29732869646773
249,51.5094290866497,-0.160939513844934,1.2471744811498,-0.0165260254054222,-2.51994254762298
249.5,51.5094346993622,-0.160939643746032,1.2379151855096,-0.0264434366098514,-0.550257714983148
250,51.5094402471535,-0.160939837447719,1.24596999866758,-0.0290408603133717,-0.530095821298591
250.5,51.5094457918205,-0.160940082860519,1.21505098098671,-0.0347054086967879,-2.33005812465265
251,51.509451362206,-0.160940320640061,1.24701149583255,-0.03537530303188,-0.426730832847524
251.5,51.5094569951277,-0.16094055007951,1.26753483156061,-0.0279910419016758,-1.59373605471369
252,51.5094626910503,-0.160940763655644,1.25732305283348,-0.0232312644070597,-3.30620348699083
252.5,51.5094683325031,-0.160940857920123,1.2625518825529,-0.00578248976793327,-2.8871210271007
253,51.5094739473811,-0.160940912006512,1.22621732883526,-0.0147031540162783,-0.487781084620147
253.5,51.5094794519205,-0.160940919616493,1.22208175057524,0.00696685208540185,0.309246800099666
254,51.5094850417706,-0.160941030614593,1.26605440239047,-0.0310308017741908,-1.45246458598472
254.5,51.509490655064,-0.160941205133922,1.23613585215391,-0.0264740973829553,1.90607750796244
255,51.5094962345203,-0.160941284689553,1.24096696327392,-0.00383545287663201,4.11208978388029
255.5,51.5095018506922,-0.160941362938525,1.26788500049466,-0.0126350634830595,3.05361777189577
256,51.5095075861406,-0.160941438638448,1.26667325020333,-0.00327414480806463,0.537156790031508
256.5,51.5095131684563,-0.16094138799298,1.24241473652947,0.0230913120252767,-1.45592929805655
257,51.5095188305142,-0.160941311728577,1.27296936498365,-0.000686252096144563,-1.651445268454
257.5,51.5095244919303,-0.160941216863514,1.25407103549011,0.0183117578052283,2.17135280363309
258,51.5095300599147,-0.160941255825063,1.2348298454137,-0.0261849152206394,1.59523370006565
258.5,51.5095357019687,-0.160941436564924,1.26975315768172,-0.0105439598169051,-2.56477094997236
259,51.5095412527983,-0.160941370293985,1.22002519180052,0.0193640530584396,2.2200068569907
259.5,51.5095468213602,-0.160941235903507,1.25284721669945,0.0126764489607476,4.13505349243485
260,51.5095524539196,-0.160941187202026,1.26384412453888,0.0178472178665136,-1.1106184282476
260.5,51.5095581116922,-0.160940963964998,1.25235629709969,0.0381083366056242,2.97033377257128
261,51.50956373693,-0.160940608713947,1.27244332824037,0.0608750509859567,1.51534408097847
261.5,51.5095695102585,-0.160940216307146,1.27401610401988,0.0467197691148172,5.45560974909115
262,51.5095751214221,-0.160939806791009,1.25906493364462,0.0719730039662476,2.22753739132336
262.5,51.5095808445528,-0.160939437805454,1.26384430662127,0.0495203873803448,-1.75438636124984
263,51.5095864462855,-0.160938996428586,1.26491791846032,0.0647402955668002,2.75136484775256
263.5,51.5095921732254,-0.160938685845836,1.25397933883463,0.0338715581881119,-1.65161055965945
264,51.5095976449434,-0.160938470532246,1.22507820194657,0.0222833452548293,3.4188564659275
264.5,51.509603266674,-0.160938309469846,1.25576821467333,0.0227527048291036,0.725057202743268
265,51.5096087508289,-0.160938273371347,1.21897165555959,-0.00286423477726869,0.170139794313488
265.5,51.5096142886241,-0.160938256824831,1.22969046984613,-0.000678743482873251,1.80484885364052
266,51.5096197721406,-0.160938184692883,1.24384821822735,0.0273564468038533,-0.773490460282327
266.5,51.5096248570044,-0.16093804868467,1.02243364694198,0.00384356111432521,1.98395951874735
267,51.5096287259249,-0.160938125165423,0.765560596301615,-0.0186737306455304,-2.0166655328474
267.5,51.5096315414868,-0.160938044700505,0.511313176504865,0.0301949425327337,3.27499146369866
268,51.5096330888807,-0.160937960462734,0.250663612492139,-0.00697559421657063,4.07120924244718
268.5,51.5096342396833,-0.16093787340631,0.248191204217041,0.0219464781518228,15.9726323445332
269,51.5096351484238,-0.160937295146814,0.191854327735716,0.127036362587561,28.8333346172601
269.5,51.50963605207,-0.160936144640652,0.207286279786297,0.183831501907637,45.1824031255668
270,51.5096367181119,-0.160934582647235,0.116924815968596,0.245101365198534,61.0177780394236
270.5,51.5096371436504,-0.160932839525091,0.0716143848839602,0.228373959691229,72.559267504252
271,51.5096372402211,-0.160931059513514,-0.00563513406827447,0.263849697752676,88.2937736920881
271.5,51.5096370826987,-0.160929181599609,-0.0545732391940597,0.242965743604151,105.767126039878
272,51.5096365788658,-0.160927372755284,-0.150285664268217,0.264649751350913,118.931545948436
272.5,51.50963584716,-0.160925736225465,-0.175359117542224,0.196918637089435,133.039531825897
273,51.5096348631142,-0.160924538908698,-0.242581938402122,0.137624005410821,151.741341271175
273.5,51.5096338554223,-0.160923973942127,-0.207911269013693,0.0323114813248455,163.867291233693
274,51.5096328237914,-0.160923845868268,-0.246090928886808,0.00753259542169241,180.100529825997
274.5,51.509631039902,-0.160923810001314,-0.509360107866843,0.00140812791347482,180.756401927044
275,51.5096281882367,-0.160923755502563,-0.738115633862856,0.00870043435956773,179.763223351796
275.5,51.5096241026529,-0.160923759599949,-1.00662445569175,-0.0119267801129443,179.404256348694
276,51.5096190158171,-0.160923823059286,-1.25090095153767,-0.00344657749171138,182.757396321525
276.5,51.5096131967105,-0.160923836948197,-1.29042155318958,-0.006611488121952,179.543010064789
277,51.5096075094637,-0.16092370743976,-1.26401916798696,0.0295785811274511,178.68931618129
277.5,51.5096017784266,-0.160923551213329,-1.2632146943729,0.0173719721014572,180.093013310072
278,51.5095961782272,-0.160923416159846,-1.25944721080284,0.0155321384410021,180.636672056336
278.5,51.5095905061126,-0.160923289733534,-1.24092437160761,0.012374060502629,179.060424801845
279,51.5095849436317,-0.160923206459847,-1.25570623006664,-0.00269598260786787,176.206826125864
279.5,51.5095792597792,-0.160923163838888,-1.2647489370425,0.00908813764399596,176.619347598781
280,51.5095735976815,-0.160923162299197,-1.26176384543618,-0.00409415141415866,180.018594059027
280.5,51.509567948177,-0.160923190047685,-1.24957724198797,0.000429777326703455,182.881370078185
281,51.5095623687386,-0.160923099317969,-1.2392977383281,0.0118838413238299,179.506957901653
281.5,51.509556785211,-0.160923030826615,-1.23874905408481,0.00900267607193184,182.775411317621
282,51.5095512599655,-0.160923093836683,-1.22814984658961,-0.0182251848552881,184.827309912727
282.5,51.509545695356,-0.160923081450453,-1.23952607401345,0.00732924621507118,180.613908747684
283,51.5095401144339,-0.160923077908728,-1.24939635522116,-0.0104902040410211,180.611002496051
283.5,51.5095344620471,-0.160923071547453,-1.2572806821177,0.00444397262857992,178.478743825754
284,51.5095288852668,-0.160922985290087,-1.24859285286534,0.0136880748798557,178.238297600471
284.5,51.5095231892987,-0.160922828692664,-1.25938119525786,0.0228445760181853,176.400840738366
285,51.5095175926404,-0.160922548954293,-1.23740687914186,0.0518410219922275,178.107738268045
285.5,51.509511985796,-0.160922136081908,-1.24859580999515,0.0571122273190537,176.139214518301
286,51.5095063965431,-0.160921679290237,-1.24457337429165,0.0654953283085678,177.078949455576
286.5,51.509500771507,-0.160921373336696,-1.24733592016209,0.0273327559232592,179.758961629609
287,51.5094951321898,-0.160921017011271,-1.26975297544256,0.0566039722886943,175.957947382405
287.5,51.5094894890391,-0.16092067920628,-1.23814417581657,0.0360941620667281,177.948191750776
288,51.5094838260833,-0.160920412345993,-1.28066553714638,0.0414852094516246,179.863081187409
288.5,51.5094780831435,-0.160920141248417,-1.26508644807598,0.016468815477815,174.458781440807
289,51.509472418526,-0.160919959771393,-1.26071162160831,0.031214113607593,176.829688178827
289.5,51.5094667234994,-0.160919758712842,-1.26193094342399,0.0173778425539373,174.281258878275
290,51.5094610910241,-0.160919776099274,-1.2615211425435,-0.0114594450603524,182.111344538132
290.5,51.5094553594283,-0.16091977535562,-1.26819552815813,0.00587595027697713,179.208849279163
291,51.5094496286248,-0.160919656332611,-1.28167308683899,0.0130161405822755,179.281407996898
291.5,51.5094439761171,-0.160919623691342,-1.23967248696312,0.000281525228228524,181.179807745543
292,51.509438333779,-0.160919629934427,-1.27009957670891,-0.0150636544539195,178.917678008362
292.5,51.5094325906461,-0.160919698138373,-1.27492542981767,-0.0103063050435567,178.568647075905
293,51.5094269254316,-0.160919749617971,-1.25475758906374,-0.00783422268076446,179.154723049627
293.5,51.5094213487759,-0.160919886797218,-1.23954997381509,-0.0291382806067713,180.484389924666
294,51.5094157747892,-0.160920133814305,-1.22256870084314,-0.0417458860692987,180.48848637828
294.5,51.5094102215041,-0.160920373228869,-1.25227102704585,-0.0246327013648503,181.918762547143
295,51.5094046423032,-0.160920593467235,-1.23993633081835,-0.0355999471747351,182.56761109894
295.5,51.5093990596434,-0.160920912263506,-1.23208127206001,-0.0473686285184947,185.177550872903
296,51.5093934703679,-0.160921196114249,-1.26738706253361,-0.045843583646857,179.79618776551
296.5,51.5093878359258,-0.160921420292558,-1.23636759793747,-0.01343512408467,184.931969928055
297,51.5093822014948,-0.160921302124635,-1.25792515661101,0.0347839811740223,178.914273317487
297.5,51.5093767015484,-0.160921196668008,-1.20490393592099,-0.00919885525943744,181.47888752706
298,51.5093711035069,-0.160921318892212,-1.27459631290477,-0.0181444125872312,180.818743182118
298.5,51.50936539521,-0.160921466443981,-1.27344723323096,-0.0278528935106448,181.749516200052
299,51.5093597588289,-0.160921613348841,-1.23132550035435,-0.0167619698506058,178.542450264211
299.5,51.5093542381126,-0.160921849431787,-1.23098695502641,-0.0542405558992987,178.54262507021
300,51.5093487017548,-0.160922274262132,-1.23073935169655,-0.0559519941331755,180.402878570367
300.5,51.509343071281,-0.160922535783896,-1.27705390975121,-0.0112028979075692,184.226312312006
301,51.5093373813669,-0.160922595812498,-1.25319696579323,-0.00380706864950421,183.536992163987
301.5,51.5093318250812,-0.160922697059692,-1.24214510548983,-0.0314556882691702,182.171255837501
302,51.5093261809671,-0.160922854043486,-1.2472683292234,-0.0180853895771809,179.002529842347
302.5,51.5093206418336,-0.160922909143451,-1.23515695529918,0.0026549624652869,181.769049450402
303,51.5093151129304,-0.160922868540815,-1.21792994523798,0.0108762434871895,181.390983687178
303.5,51.5093095768442,-0.160922864201185,-1.25327757960983,-0.0176511756945303,179.721356059853
304,51.5093039982626,-0.16092298421035,-1.21954680132229,-0.0122368917958814,180.910557771585
304.5,51.5092983782907,-0.160923025463409,-1.28694607725729,-0.00235266861927658,179.763499052413
305,51.5092926664828,-0.160923004725387,-1.26038441101145,0.0138301042567692,181.963940411997
305.5,51.5092876534276,-0.160922952846611,-0.982029075438256,0.00218124207650858,180.598375506188
306,51.5092838494121,-0.16092288035043,-0.767767093847442,0.0172828005966372,180.864537220816
306.5,51.5092810728826,-0.16092295491873,-0.510996448448077,-0.0338691746570773,180.354177675286
307,51.5092794486853,-0.160923117473374,-0.2479854491384,-0.013479405503186,180.485541896765
307.5,51.5092784143363,-0.160922870244373,-0.235636252253916,0.0718598576768264,164.207613182689
308,51.5092774259628,-0.160922170841233,-0.199157647140076,0.113963086090702,148.95880499444
308.5,51.5092766544526,-0.160921083428189,-0.15506083721958,0.18009467912065,136.215786574226
309,51.5092760589781,-0.16091959655717,-0.116441312375199,0.229223001566589,121.953850019988
309.5,51.5092756534726,-0.160917850291827,-0.0755299154976578,0.245733151849446,104.520185030703
310,51.5092755213298,-0.160916236321426,-0.00200227559588807,0.216301062023386,88.2386068490356
310.5,51.5092757195492,-0.160914545895765,0.0785861905198681,0.244335414541483,75.4826635961306
311,51.5092761406474,-0.160912869138935,0.0977333172678095,0.235387003684009,62.102252197667
311.5,51.5092766991841,-0.160911386520035,0.141479025551445,0.180459708352166,45.9800833651593
312,51.5092775612896,-0.160910311031694,0.226093412445321,0.129151557039122,30.545292078843
312.5,51.5092785485539,-0.160909564068349,0.207576795787159,0.089735947917537,12.8366443718108
313,51.5092794975904,-0.160909228267821,0.214100729098539,0.0150871578431491,0.360757354270332
313.5,51.5092811441929,-0.160909158922596,0.487408689288939,0.00187717759707401,-2.04740323144312
314,51.5092840122254,-0.1609090982368,0.742138046665246,0.0131734198697328,-1.95072508632223
314.5,51.5092879975392,-0.160908993210337,0.972035356795452,0.00492964268438982,4.18879157208828
315,51.5092930717841,-0.160908972162475,1.23499681807127,-2.63362866706265e-05,-0.306095731389735
315.5,51.5092986402187,-0.160908981587945,1.2391017147291,-0.000478284592627054,1.55608559050189
316,51.5093042100264,-0.160908822166179,1.23307017920048,0.0336483589159632,1.85677655639769
316.5,51.5093098762955,-0.160908779153274,1.26541149498369,-0.00704516745269932,-2.79028155533108
317,51.5093155270538,-0.160908734966178,1.26876330693812,0.00908518736877433,0.668431403967047
317.5,51.5093212069117,-0.160908573783836,1.25129136122508,0.0277454181289553,2.68690762131751
318,51.5093268478726,-0.160908379355745,1.24672818405582,0.0163811521536182,6.27472012057568
318.5,51.5093324588544,-0.160908348144782,1.25345832701001,0.00274909692965619,1.2769639220436
319,51.5093381100481,-0.160908384464297,1.25604483838629,-0.00546064203235702,0.956178041194918
319.5,51.5093437162787,-0.160908428658527,1.24168101105679,-0.006130650611676,0.244795411483263
320,51.5093493825298,-0.160908466982151,1.26994960544649,0.00255660825215762,-0.287323856537534
320.5,51.509355042509,-0.160908459192666,1.26058116736353,-0.00060732644724976,1.35829724544019
321,51.50936074415,-0.160908598186561,1.26253739869554,-0.0199921878651647,-3.44954006996301
321.5,51.5093663227647,-0.160908674982325,1.22653134525,-0.00480919929028031,1.8170762613082
322,51.5093718425561,-0.160908698480782,1.21899092459264,-6.85903167998575e-05,0.89464881913589
322.5,51.5093773656603,-0.160908847039236,1.24751899613233,-0.0232031577235826,-1.37014135244711
323,51.5093830053565,-0.160909051175231,1.25488407218513,-0.0323214691665829,0.373752903409396
323.5,51.5093886670283,-0.160909278081962,1.26325635010156,-0.0231354089098589,0.420920408416183
324,51.5093942796145,-0.160909416913534,1.23315055638676,-0.00177743395110166,-2.62750147810916
324.5,51.5093998521181,-0.160909540948205,1.25415472153957,-0.0226415331866604,-1.97284688072639
325,51.5094055521681,-0.160909824091966,1.27394026965149,-0.0497670604489708,-0.969623209797759
325.5,51.5094112515522,-0.160910123377054,1.26615342799397,-0.028473567464112,0.768722900786046
326,51.5094169091008,-0.160910141874456,1.24886904210867,0.0260805186584805,1.8957940722181
326.5,51.5094226020607,-0.160910162579226,1.27725782705758,-0.0189498814197211,1.15872522674937
327,51.5094283293872,-0.160910342602412,1.28518580849167,-0.0150633031160654,-1.38501945814842
327.5,51.5094340611434,-0.160910455185618,1.27080310984546,-0.0131834471517799,1.76708338095072
328,51.5094396405001,-0.160910586791619,1.20879501076488,-0.0145863638747588,0.604822636176123
328.5,51.5094451695902,-0.160910703376341,1.25140785842721,-0.0075868566474887,1.02644743996554
329,51.5094507299703,-0.160910831520228,1.22568338769754,-0.0200543344494686,1.22027201351907
329.5,51.5094563450054,-0.160911038260513,1.26506430256204,-0.0214212608813307,-0.148484150838277
330,51.509462021016,-0.160911106329511,1.27481575875482,0.0129068393290007,-0.782539203021877
330.5,51.5094676935045,-0.160910997566906,1.24369718995836,0.0224962187055898,0.632737796437796
331,51.5094732404797,-0.160910848506799,1.23605046614083,0.0269596412301341,0.222421773847077
331.5,51.5094788964862,-0.160910660799967,1.28260342381508,0.0324848844567981,1.93212985717524
332,51.5094845526479,-0.160910601363995,1.23349423738661,-0.00222873033403063,-0.219463375421398
332.5,51.5094900931809,-0.160910604386892,1.24003646697362,0.0112973200650462,0.530842830759903
333,51.5094957559864,-0.16091072055357,1.26647097810666,-0.0297919377133362,-1.20632605533563
333.5,51.5095013464841,-0.160910827302178,1.23372684171892,0.00500199729249523,0.962236666040847
334,51.5095069380065,-0.160910837574472,1.24321475686074,-0.000117843863379779,-1.39490895162978
334.5,51.5095125464104,-0.160910948715205,1.2681990423968,-0.0192448258641814,-1.83001857042019
335,51.5095182067482,-0.160911008803423,1.24613199785686,0.0028461164699186,-1.37668776040291
335.5,51.5095238017094,-0.160910967547698,1.24946473163393,0.00910984091003249,0.835591964048629
336,51.5095294141735,-0.160910933640771,1.24179245238606,0.00107200205073537,0.000737949205892523
336.5,51.5095349495373,-0.16091086997624,1.22860137202765,0.0214506223207354,-1.68340202062036
337,51.509540550638,-0.160910799163585,1.26898089120842,-0.00184590961377096,-1.8610869623409
337.5,51.5095462700943,-0.160910873341656,1.25612836850723,-0.0208928356760483,-0.233732631607925
338,51.5095518281053,-0.160910884455158,1.24473886613446,0.0167179254938966,-2.0371126915208
338.5,51.5095575053915,-0.16091088323259,1.26420286134897,-0.014580033907017,-1.74309265522808
339,51.5095630847673,-0.16091080165168,1.22142414927711,0.0162029648000376,4.54312348947907
339.5,51.5095686222875,-0.160910805706761,1.24951668459689,-0.011081383510934,0.359799914879198
340,51.509574221688,-0.160910975445432,1.23785720891899,-0.0218860710269454,-4.1916218162948
340.5,51.5095798282428,-0.160910995773852,1.25675809212436,0.00523145119362847,-0.411564081038686
341,51.509585435143,-0.160910863638452,1.24498002507253,0.0251533250883095,-0.114409889375226
341.5,51.5095910855049,-0.160910801840517,1.27112867676683,-0.000738827850881904,-2.71651031765732
342,51.5095968063354,-0.16091085115402,1.27586436873689,-0.0144978167495463,-1.70384524334595
342.5,51.5096025160014,-0.160910906011259,1.24866494658882,-0.0089720637715653,1.42097317057204
343,51.5096080664377,-0.160910977168963,1.23433921096509,-0.00528592264539506,-2.21360866548392
343.5,51.5096136117994,-0.160910945374475,1.2245552706635,0.00988146459287165,0.0891715146969648
344,51.5096191157951,-0.160911130293389,1.22639696998877,-0.0537898329284787,-4.24617762570518
344.5,51.5096240027695,-0.160911363218047,0.975512251505794,-0.0147890595723999,-1.79798153231845
345,51.5096277667051,-0.16091134032841,0.736374807756567,0.0147247098551428,-3.27796719684928
345.5,51.5096304266449,-0.16091124122024,0.490380586146568,0.0100131227583335,0.101379319815835
346,51.5096319823187,-0.160911175099335,0.237589147874193,0.00806847697533144,-2.14690982001899
346.5,51.5096329386588,-0.160910843427749,0.204828523087102,0.0709779013347464,16.277111542384
347,51.5096337664702,-0.160910108238314,0.178948344338399,0.127635244304948,31.1968841168841
347.5,51.5096345658866,-0.160909107373491,0.165541245331846,0.141020679595028,40.3059050354715
348,51.5096351387383,-0.160907827064254,0.104106862990668,0.210465909039944,55.5153963517825
348.5,51.509635520633,-0.160906334826966,0.0655943333181292,0.19457627997592,75.5321483760707
349,51.5096355981542,-0.160904718815523,-0.0149145401149512,0.253813054438928,91.3097939010612
349.5,51.5096354570503,-0.160903033564744,-0.0462505814750893,0.223524529463369,105.233950474589
350,51.5096350885279,-0.16090155916136,-0.10845072278657,0.190823874775042,117.941776096017
350.5,51.5096344603909,-0.160900309837539,-0.165740509987737,0.161052213617263,132.339189233799
351,51.5096336135055,-0.160899397287737,-0.213061023834418,0.112212580363733,152.680847651432
351.5,51.5096325479757,-0.160898795287224,-0.243270388584407,0.0536913110732939,165.108091635572
352,51.5096315218271,-0.160898742591661,-0.238828648558114,-0.0132027893393608,181.005274706045
352.5,51.5096297258761,-0.160898829323417,-0.512290793287604,-0.0127617893246334,183.148984629036
353,51.509626803725,-0.160899029060369,-0.759931669385715,-0.0328043602116367,181.119003859129
353.5,51.5096226447628,-0.160899218655292,-1.04062965534462,-0.0213750460834875,181.336998304039
354,51.5096174924175,-0.160899509178331,-1.24004810878723,-0.0451627153804422,184.071683921014
354.5,51.5096117894128,-0.160899583354548,-1.25178803562902,0.0172645235247224,179.157323618811
355,51.5096062654642,-0.16089958350173,-1.24572643764474,-0.0131644159511096,180.473561053443
355.5,51.5096005993768,-0.160899675683001,-1.25433499159462,0.000434075910611932,182.335335122648
356,51.5095950335837,-0.160899698174916,-1.24889751317753,-0.00659781369811079,181.211412657017
356.5,51.5095894576518,-0.160899782489661,-1.23465210883567,-0.017438101788667,178.86203847517
357,51.5095838212631,-0.16089987121843,-1.27812446658654,-0.004901239527845,178.987026423588
357.5,51.5095781151363,-0.160899865521327,-1.27143838714131,0.0189528339419031,182.265477332673
358,51.5095724050278,-0.160899646579817,-1.26859415824366,0.037424737243886,179.09800735215
358.5,51.5095667396674,-0.160899389709508,-1.26426262370672,0.0364866174439867,180.365897944174
359,51.5095610753433,-0.160899251628276,-1.27449898964243,0.0118660654005928,181.972621073618
359.5,51.5095552994436,-0.16089914668435,-1.28252496361882,0.0162980578490988,182.292739174122
360,51.5095496594619,-0.160899076717183,-1.24922377096048,0.00036859168597167,180.411644096564
360.5,51.5095440006503,-0.160899126779461,-1.26589331561482,-0.00552489675119051,184.844765394807
361,51.5095384121754,-0.160899182448156,-1.24529361130107,-0.0155562041056767,180.293792845504
361.5,51.5095327632006,-0.160899257768364,-1.25036440316446,-0.0105490744025306,180.291710460992
362,51.5095271817113,-0.160899334630941,-1.26379909889516,-0.00390752101992203,181.668719568823
362.5,51.5095215155129,-0.160899350693453,-1.23956645639961,-0.00206556487247373,181.673760206809
363,51.5095159260118,-0.160899300592557,-1.27012650627571,0.0106006948029543,179.375972092079
363.5,51.5095103376938,-0.160899260515046,-1.22710943304308,0.0026415998574035,181.815488644145
364,51.5095047485285,-0.160899249242574,-1.23537281997167,-0.00474654427780507,178.737126869791
364.5,51.5094992723036,-0.16089923665345,-1.24853822667621,0.00641305129802864,180.856884709982
365,51.509493556669,-0.160899161713714,-1.26577544701082,0.0162050372861403,181.02002199116
365.5,51.5094879017571,-0.160899091007635,-1.26817589733211,-0.00128154894874285,181.083995422365
366,51.5094821612089,-0.160899091065129,-1.29279116223938,0.000769871601225606,180.780818521924
366.5,51.5094764516662,-0.160898976808515,-1.2553363484987,0.0160867292379661,176.166322339888
367,51.5094708536731,-0.160898920519608,-1.24605614542189,0.00493081265188502,178.644821551639
367.5,51.5094652337771,-0.160898769884938,-1.26642198011654,0.0431817091544813,180.193529618402
368,51.5094595531072,-0.160898558037294,-1.25435940183406,0.0118414370982307,177.823930747157
368.5,51.5094539648679,-0.16089850021368,-1.2553075898731,0.00159066862405187,176.290889364278
369,51.5094482654123,-0.160898640187102,-1.26421545287653,-0.0300753895116728,179.818109906222
369.5,51.5094426623436,-0.160898694086581,-1.25245729331991,0.0233505726114788,181.987462221659
370,51.5094370434774,-0.160898591157998,-1.23417338803239,0.0068285950229308,182.295393107699
370.5,51.5094315516923,-0.160898568407753,-1.22099730632394,0.00286101164624785,182.674080478476
371,51.5094260182877,-0.160898551081849,-1.24853902349354,0.000561176091557855,182.002821067921
371.5,51.5094204394638,-0.160898638646948,-1.23701301955619,-0.0223502795457499,182.457984331058
372,51.5094148667636,-0.16089869207929,-1.24771895961926,0.00428899513732423,181.504157836892
372.5,51.5094092403748,-0.160898733371269,-1.24846483171783,-0.0203075537881726,179.315349215542
373,51.5094036427427,-0.160898752425919,-1.25527317807548,0.0127169988567193,180.111006964206
373.5,51.5093980112072,-0.1608985699528,-1.24360676294429,0.0340734947964249,179.004846466337
374,51.5093924856272,-0.160898363558816,-1.24346299000613,0.0235819022762962,180.938191988378
374.5,51.5093868362901,-0.160898155049917,-1.25572160494192,0.0284430765698572,178.199501756739
375,51.509381202253,-0.160897937806947,-1.26326056664044,0.0282166642111223,178.356870797944
375.5,51.5093755643535,-0.160897795421616,-1.24548441607409,0.0133218788112578,177.187823930601
376,51.5093698846718,-0.160897663272401,-1.28125460021011,0.0248805029905071,179.50261505376
376.5,51.5093641861558,-0.160897521120879,-1.25650019787485,0.028418928075434,184.495055243716
377,51.5093586364221,-0.160897415789661,-1.23195585276325,-0.0112712252002989,178.789884567492
377.5,51.5093530117054,-0.160897423631387,-1.24679752771686,0.0104495616130862,181.812175867822
378,51.5093474997149,-0.160897384136601,-1.22787673962928,0.00717945845046988,182.053875025472
378.5,51.5093418131951,-0.16089723900561,-1.28008753565056,0.0246306920886272,179.172205319276
379,51.5093361708613,-0.160897139782049,-1.25303719107317,0.00830416580542588,179.281614577926
379.5,51.5093304849578,-0.16089729785782,-1.26658146174334,-0.0394631992147186,181.970756519388
380,51.5093248542724,-0.160897546572693,-1.2387157570311,-0.0277175267571821,180.994649869843
380.5,51.5093192416729,-0.160897789732704,-1.27050105045649,-0.0335501687715112,183.754580497861
381,51.5093135627959,-0.160898051509374,-1.24483168424727,-0.0390060009331311,181.779386927107
381.5,51.5093080415747,-0.160898126466868,-1.22877712683385,0.000560289320955198,176.766902468846
382,51.5093024524459,-0.160898306747611,-1.25711550928556,-0.039570270712755,180.818490388567
382.5,51.5092967832726,-0.160898467347831,-1.25168298098788,-0.00355004703138625,180.308210167266
383,51.5092912544414,-0.16089862008096,-1.24106985445766,-0.0418619321061789,178.888434576391
383.5,51.5092862287866,-0.160898733591358,-1.00574943371656,0.00705646542639684,178.221535698377
384,51.5092824018277,-0.160898689156865,-0.745197793616236,0.0089639476954553,180.32396243854
384.5,51.5092797383577,-0.160898679392127,-0.506958839152755,-0.00640051609010338,178.980536659189
385,51.5092780674017,-0.16089876289198,-0.260823664579103,-0.0157987413759674,178.98687779288
385.5,51.5092770341737,-0.160898564931016,-0.254213092799985,0.0593169178470812,159.491117933968
386,51.5092758659023,-0.160897807271961,-0.238071921843636,0.134680840395636,145.311555881066
386.5,51.5092750249991,-0.16089676351743,-0.176276305770884,0.152089339263676,136.217036968627
387,51.5092743826474,-0.160895370983044,-0.107361261842905,0.222193219004816,118.332824011031
387.5,51.5092740504531,-0.160893665270112,-0.0690003416575879,0.24892716809442,105.481934556313
388,51.5092739092539,-0.160891761169873,-0.00152705472824853,0.280657647474432,88.5936187051529
388.5,51.5092740878282,-0.160889880847957,0.0590784536262282,0.243589905346757,74.695176805496
389,51.5092745185608,-0.160888182121235,0.121274232985981,0.233504866670369,59.6036055135028
389.5,51.5092752366778,-0.160886847399054,0.18125300665679,0.148107726154057,47.5960479842617
390,51.5092760406766,-0.160885900711943,0.173295202677419,0.128823047630381,30.9612394419529
390.5,51.5092770348152,-0.160885186177071,0.242999861228369,0.0756693987564268,16.6348654044009
391,51.5092781816203,-0.160885087213394,0.271572894102665,-0.0218434884670479,-4.58371884485064
391.5,51.5092799484609,-0.16088512797195,0.484704265777607,0.00896116179729902,-2.81069838943197
392,51.5092828931169,-0.160885046860333,0.762282996876239,0.0214365707599772,-2.78491604653973
392.5,51.509286918043,-0.160884988337738,1.00026806583446,-0.00171923403688987,-0.67704554242909
393,51.5092921242961,-0.160885092011895,1.2599881188104,-0.0228890524486794,0.917530560842574
393.5,51.5092978524774,-0.160885234372491,1.25935374928068,-0.0071069129969921,-1.55036270862826
394,51.5093035337033,-0.160885427374591,1.26676230187188,-0.0358432460732804,-1.46082165049861
394.5,51.5093091779394,-0.160885783401444,1.24747296951431,-0.0615101079865145,-0.402539088727996
395,51.5093148213069,-0.160886055826199,1.23592502526433,-0.0108486651528969,-0.723265217794059
395.5,51.5093203677393,-0.160886103832865,1.24185124961111,0.00974312765163354,-4.19497148557209
396,51.5093259267094,-0.16088623757651,1.23217054978724,-0.0329163091483762,-5.90992678953796
396.5,51.5093314693715,-0.160886362452391,1.23266938590064,-0.00922734460372614,-1.51585709106786
397,51.5093370539524,-0.160886559538989,1.23612322990543,-0.0409354915785226,-1.96884881647497
397.5,51.5093425777688,-0.16088679957173,1.22794034061518,-0.0277852659722921,0.347151995341549
398,51.5093481170286,-0.160886991201263,1.23903899592487,-0.0214923311893085,-1.5834927749686
398.5,51.5093537616952,-0.16088713043017,1.26127845500501,-0.0118406437614253,-1.62649032526418
399,51.509359474999,-0.160887333460171,1.27611426850301,-0.0391049576791547,-3.59065233338989
399.5,51.5093651389929,-0.160887465170398,1.23801415142211,-0.00249121738382926,0.00199850778728483
400,51.5093706820635,-0.160887347706185,1.23618629825701,0.0317017431951078,-0.167190495539713
400.5,51.5093762999481,-0.160887302512839,1.25836945318121,-0.0130717821072139,0.242513373945673
401,51.50938184835,-0.160887236967069,1.20680514172415,0.0223021055126896,2.91610303975979
401.5,51.5093873775874,-0.160887243450796,1.25630768851735,-0.0046583840154871,-3.43410630051541
402,51.5093929902281,-0.160887318006631,1.24269867304196,-0.0234684250047881,2.37243543632774
402.5,51.5093986277021,-0.160887560577726,1.2405532912242,-0.0407491421881299,-0.698451009832306
403,51.5094041695251,-0.160887940169075,1.24811009622396,-0.0523746774324906,-1.84638897041548
403.5,51.5094098425947,-0.160888299936239,1.24349381284846,-0.0567789753533799,1.07868951531931
404,51.5094153973828,-0.160888743212838,1.24477608722978,-0.054006128389938,-4.33246300224373
404.5,51.509421088973,-0.160889040308396,1.26052836675201,-0.0333161981917494,-1.3811687023281
405,51.5094265589744,-0.160889104120344,1.20006558578082,0.00260580233602876,0.426598032321931
405.5,51.5094321409745,-0.16088918178242,1.25436560482603,-0.0218049406192094,0.434764943528353
406,51.5094376938985,-0.160889188773191,1.23432455662084,0.0102697529887927,2.88278928807026
406.5,51.5094433357449,-0.160889178076346,1.2455907167628,-0.0015216022184701,-0.732643529696771
407,51.5094488581913,-0.160889242504287,1.22859402652041,-0.00786373535293977,-3.71325178812689
407.5,51.5094544148959,-0.16088923687302,1.24565943461244,-0.00650465487769197,1.38621613806995
408,51.5094601283142,-0.160889250222888,1.27589026294031,0.00124922411955066,-0.950437881342367
408.5,51.5094657590261,-0.160889129637808,1.2576934829681,0.0251928676096954,1.13762918366411
409,51.5094714146098,-0.16088901327529,1.22072488907278,0.00546546425739563,-1.1703998747815
409.5,51.5094769472434,-0.160888930449738,1.2641218817188,0.0215318397594291,-2.76660628332926
410,51.5094826135361,-0.160888814867334,1.23879594966265,0.00196846758695281,-0.850060013940262
410.5,51.5094881476217,-0.160888671148309,1.2294415446637,0.0259702736650042,1.94194555640697
411,51.5094937578524,-0.160888452965395,1.25790775889409,0.0235577505854569,4.36710657916158
411.5,51.5094993639381,-0.160888318513388,1.23682616219546,0.0248627577376383,-2.38025203564701
412,51.5095049840849,-0.160888212504125,1.25293405504959,0.00776396797874712,-2.9740580908857
412.5,51.5095106107678,-0.160888039547081,1.24644199959583,0.0265384369579825,-0.300745918021533
413,51.5095161676137,-0.160887773457018,1.2300241895786,0.0335845545342156,3.38095761524049
413.5,51.5095217506785,-0.160887665561473,1.25503516522866,-0.000512021885194197,-0.185797301952814
414,51.5095274060835,-0.160887635321092,1.24236608012371,0.00775797442994237,0.222457850442457
414.5,51.5095328921408,-0.160887662585635,1.23164710542258,-0.0174269728785409,-1.67204854589073
415,51.5095384813694,-0.160887750659631,1.22735652548596,-0.0161403538113433,1.78057522624085
415.5,51.5095439397036,-0.16088784697772,1.21694233898631,-0.0162034325166932,1.29869396737172
416,51.5095495541097,-0.160888063153074,1.26635659780471,-0.0357824268280199,-0.193827222873459
416.5,51.509555102575,-0.160888119931821,1.21319572199911,0.0191257184581756,-1.89827539231203
417,51.5095606127354,-0.160888142696557,1.24138490691439,-0.027877073497298,0.395695699446885
417.5,51.5095662037377,-0.16088843775489,1.23376772853728,-0.0514501006915692,-2.40924296610496
418,51.5095717927824,-0.160888744350674,1.24706060703228,-0.0233088214072245,-5.32865244111706
418.5,51.5095773744636,-0.160888810177509,1.24571438517931,-0.0150277919143948,2.18046788442299
419,51.5095829884302,-0.160888905519682,1.23420401462038,-0.000394936878133967,-4.66088986343092
419.5,51.5095885194657,-0.160888878015517,1.22601040325919,0.00627300039931789,-0.849479392447977
420,51.5095940656901,-0.160888864834248,1.23814552148306,-0.0160259932544823,1.42572117691131
420.5,51.5095996186299,-0.160888894490549,1.22334102428926,0.0115041508802057,0.326907363526072
421,51.5096051994835,-0.160888776889208,1.25961183798853,0.0193314423429612,-0.759767156934708
421.5,51.5096108035132,-0.160888671579284,1.23683457758592,0.0188189621959967,-4.66155651198252
422,51.5096164189613,-0.160888589934576,1.25715300277493,-0.00621767890699793,-0.569243247574995
422.5,51.5096214174742,-0.160888565848598,0.971804236057938,0.00758259599715359,-0.674002185005809
423,51.5096251055565,-0.160888591439971,0.730433307398146,-0.0116635969867264,-1.74901536554418
423.5,51.5096278193945,-0.160888624954826,0.488748693526267,-0.00589274341031002,2.06153771785024
424,51.5096294156684,-0.160888637074288,0.28581516962727,0.00873931119376774,-4.06661506230284
424.5,51.5096303266913,-0.160888606503978,0.130939021751036,-0.0040192543456376,-3.17272946845739
425,51.5096305362984,-0.160888647706855,-0.0037207938397734,-0.00938986427679471,1.47778565051326
